No.,Target,Significant --regex,Best Match Score,Best Match,Best Match Path,2nd Match Score,2nd Match,2nd Match Path,3rd Match Score,3rd Match,3rd Match Path
1,grinnell_13229_OBJ.tiff,,100,grinnell_13229_OBJ.tiff,/Volumes/exports/jimmy-ley/OBJ,
2,grinnell_18643_OBJ.pdf,,100,grinnell_18643_OBJ.pdf,/Volumes/exports/jimmy-ley/OBJ,
3,grinnell_18644_OBJ.pdf,,100,grinnell_18644_OBJ.pdf,/Volumes/exports/jimmy-ley/OBJ,
4,grinnell_18645_OBJ.pdf,,100,grinnell_18645_OBJ.pdf,/Volumes/exports/jimmy-ley/OBJ,
5,grinnell_18646_OBJ.pdf,,100,grinnell_18646_OBJ.pdf,/Volumes/exports/jimmy-ley/OBJ,
6,grinnell_18647_OBJ.pdf,,100,grinnell_18647_OBJ.pdf,/Volumes/exports/jimmy-ley/OBJ,
7,grinnell_18648_OBJ.pdf,,100,grinnell_18648_OBJ.pdf,/Volumes/exports/jimmy-ley/OBJ,
8,grinnell_18649_OBJ.pdf,,100,grinnell_18649_OBJ.pdf,/Volumes/exports/jimmy-ley/OBJ,
9,grinnell_18650_OBJ.pdf,,100,grinnell_18650_OBJ.pdf,/Volumes/exports/jimmy-ley/OBJ,
10,grinnell_18651_OBJ.pdf,,100,grinnell_18651_OBJ.pdf,/Volumes/exports/jimmy-ley/OBJ,
11,grinnell_18652_OBJ.pdf,,100,grinnell_18652_OBJ.pdf,/Volumes/exports/jimmy-ley/OBJ,
12,grinnell_18653_OBJ.pdf,,100,grinnell_18653_OBJ.pdf,/Volumes/exports/jimmy-ley/OBJ,
13,grinnell_18654_OBJ.pdf,,100,grinnell_18654_OBJ.pdf,/Volumes/exports/jimmy-ley/OBJ,
14,grinnell_18655_OBJ.pdf,,100,grinnell_18655_OBJ.pdf,/Volumes/exports/jimmy-ley/OBJ,
15,grinnell_18656_OBJ.pdf,,100,grinnell_18656_OBJ.pdf,/Volumes/exports/jimmy-ley/OBJ,
16,grinnell_18657_OBJ.pdf,,100,grinnell_18657_OBJ.pdf,/Volumes/exports/jimmy-ley/OBJ,
17,grinnell_18658_OBJ.pdf,,100,grinnell_18658_OBJ.pdf,/Volumes/exports/jimmy-ley/OBJ,
18,grinnell_18659_OBJ.pdf,,100,grinnell_18659_OBJ.pdf,/Volumes/exports/jimmy-ley/OBJ,
19,grinnell_18660_OBJ.pdf,,100,grinnell_18660_OBJ.pdf,/Volumes/exports/jimmy-ley/OBJ,
20,grinnell_18661_OBJ.pdf,,100,grinnell_18661_OBJ.pdf,/Volumes/exports/jimmy-ley/OBJ,
21,grinnell_18662_OBJ.pdf,,100,grinnell_18662_OBJ.pdf,/Volumes/exports/jimmy-ley/OBJ,
22,grinnell_18663_OBJ.pdf,,100,grinnell_18663_OBJ.pdf,/Volumes/exports/jimmy-ley/OBJ,
23,grinnell_18664_OBJ.pdf,,100,grinnell_18664_OBJ.pdf,/Volumes/exports/jimmy-ley/OBJ,
24,grinnell_18665_OBJ.pdf,,100,grinnell_18665_OBJ.pdf,/Volumes/exports/jimmy-ley/OBJ,
25,grinnell_18666_OBJ.pdf,,100,grinnell_18666_OBJ.pdf,/Volumes/exports/jimmy-ley/OBJ,
26,grinnell_18667_OBJ.pdf,,100,grinnell_18667_OBJ.pdf,/Volumes/exports/jimmy-ley/OBJ,
27,grinnell_18668_OBJ.pdf,,100,grinnell_18668_OBJ.pdf,/Volumes/exports/jimmy-ley/OBJ,
28,grinnell_18669_OBJ.pdf,,100,grinnell_18669_OBJ.pdf,/Volumes/exports/jimmy-ley/OBJ,
29,grinnell_18670_OBJ.pdf,,100,grinnell_18670_OBJ.pdf,/Volumes/exports/jimmy-ley/OBJ,
30,grinnell_18671_OBJ.pdf,,100,grinnell_18671_OBJ.pdf,/Volumes/exports/jimmy-ley/OBJ,
31,grinnell_18672_OBJ.pdf,,100,grinnell_18672_OBJ.pdf,/Volumes/exports/jimmy-ley/OBJ,
32,grinnell_18673_OBJ.pdf,,100,grinnell_18673_OBJ.pdf,/Volumes/exports/jimmy-ley/OBJ,
33,grinnell_18674_OBJ.pdf,,100,grinnell_18674_OBJ.pdf,/Volumes/exports/jimmy-ley/OBJ,
34,grinnell_18675_OBJ.pdf,,100,grinnell_18675_OBJ.pdf,/Volumes/exports/jimmy-ley/OBJ,
35,grinnell_18676_OBJ.pdf,,100,grinnell_18676_OBJ.pdf,/Volumes/exports/jimmy-ley/OBJ,
36,grinnell_18677_OBJ.pdf,,100,grinnell_18677_OBJ.pdf,/Volumes/exports/jimmy-ley/OBJ,
37,grinnell_18678_OBJ.pdf,,100,grinnell_18678_OBJ.pdf,/Volumes/exports/jimmy-ley/OBJ,
38,grinnell_18679_OBJ.pdf,,100,grinnell_18679_OBJ.pdf,/Volumes/exports/jimmy-ley/OBJ,
39,grinnell_18680_OBJ.pdf,,100,grinnell_18680_OBJ.pdf,/Volumes/exports/jimmy-ley/OBJ,
40,grinnell_18681_OBJ.pdf,,100,grinnell_18681_OBJ.pdf,/Volumes/exports/jimmy-ley/OBJ,
41,grinnell_18682_OBJ.pdf,,100,grinnell_18682_OBJ.pdf,/Volumes/exports/jimmy-ley/OBJ,
42,grinnell_18683_OBJ.pdf,,100,grinnell_18683_OBJ.pdf,/Volumes/exports/jimmy-ley/OBJ,
43,grinnell_18684_OBJ.pdf,,100,grinnell_18684_OBJ.pdf,/Volumes/exports/jimmy-ley/OBJ,
44,grinnell_18685_OBJ.pdf,,100,grinnell_18685_OBJ.pdf,/Volumes/exports/jimmy-ley/OBJ,
45,grinnell_18686_OBJ.pdf,,100,grinnell_18686_OBJ.pdf,/Volumes/exports/jimmy-ley/OBJ,
46,grinnell_18687_OBJ.pdf,,100,grinnell_18687_OBJ.pdf,/Volumes/exports/jimmy-ley/OBJ,
47,grinnell_18688_OBJ.pdf,,100,grinnell_18688_OBJ.pdf,/Volumes/exports/jimmy-ley/OBJ,
48,grinnell_18689_OBJ.pdf,,100,grinnell_18689_OBJ.pdf,/Volumes/exports/jimmy-ley/OBJ,
49,grinnell_18690_OBJ.pdf,,100,grinnell_18690_OBJ.pdf,/Volumes/exports/jimmy-ley/OBJ,
50,grinnell_18691_OBJ.pdf,,100,grinnell_18691_OBJ.pdf,/Volumes/exports/jimmy-ley/OBJ,
51,grinnell_18692_OBJ.pdf,,100,grinnell_18692_OBJ.pdf,/Volumes/exports/jimmy-ley/OBJ,
52,grinnell_18693_OBJ.pdf,,100,grinnell_18693_OBJ.pdf,/Volumes/exports/jimmy-ley/OBJ,
53,grinnell_18694_OBJ.pdf,,100,grinnell_18694_OBJ.pdf,/Volumes/exports/jimmy-ley/OBJ,
54,grinnell_18695_OBJ.pdf,,100,grinnell_18695_OBJ.pdf,/Volumes/exports/jimmy-ley/OBJ,
55,grinnell_18696_OBJ.pdf,,100,grinnell_18696_OBJ.pdf,/Volumes/exports/jimmy-ley/OBJ,
56,grinnell_18697_OBJ.pdf,,100,grinnell_18697_OBJ.pdf,/Volumes/exports/jimmy-ley/OBJ,
57,grinnell_18698_OBJ.pdf,,100,grinnell_18698_OBJ.pdf,/Volumes/exports/jimmy-ley/OBJ,
58,grinnell_18699_OBJ.pdf,,100,grinnell_18699_OBJ.pdf,/Volumes/exports/jimmy-ley/OBJ,
59,grinnell_18700_OBJ.pdf,,100,grinnell_18700_OBJ.pdf,/Volumes/exports/jimmy-ley/OBJ,
60,grinnell_18701_OBJ.pdf,,100,grinnell_18701_OBJ.pdf,/Volumes/exports/jimmy-ley/OBJ,
61,grinnell_18702_OBJ.pdf,,100,grinnell_18702_OBJ.pdf,/Volumes/exports/jimmy-ley/OBJ,
62,grinnell_18703_OBJ.pdf,,100,grinnell_18703_OBJ.pdf,/Volumes/exports/jimmy-ley/OBJ,
63,grinnell_18704_OBJ.pdf,,100,grinnell_18704_OBJ.pdf,/Volumes/exports/jimmy-ley/OBJ,
64,grinnell_18705_OBJ.pdf,,100,grinnell_18705_OBJ.pdf,/Volumes/exports/jimmy-ley/OBJ,
65,grinnell_18706_OBJ.pdf,,100,grinnell_18706_OBJ.pdf,/Volumes/exports/jimmy-ley/OBJ,
66,grinnell_18707_OBJ.pdf,,100,grinnell_18707_OBJ.pdf,/Volumes/exports/jimmy-ley/OBJ,
67,grinnell_18708_OBJ.pdf,,100,grinnell_18708_OBJ.pdf,/Volumes/exports/jimmy-ley/OBJ,
68,grinnell_18709_OBJ.pdf,,100,grinnell_18709_OBJ.pdf,/Volumes/exports/jimmy-ley/OBJ,
69,grinnell_18710_OBJ.pdf,,100,grinnell_18710_OBJ.pdf,/Volumes/exports/jimmy-ley/OBJ,
70,grinnell_18711_OBJ.pdf,,100,grinnell_18711_OBJ.pdf,/Volumes/exports/jimmy-ley/OBJ,
71,grinnell_18712_OBJ.pdf,,100,grinnell_18712_OBJ.pdf,/Volumes/exports/jimmy-ley/OBJ,
72,grinnell_18713_OBJ.pdf,,100,grinnell_18713_OBJ.pdf,/Volumes/exports/jimmy-ley/OBJ,
73,grinnell_18714_OBJ.pdf,,100,grinnell_18714_OBJ.pdf,/Volumes/exports/jimmy-ley/OBJ,
74,grinnell_18715_OBJ.pdf,,100,grinnell_18715_OBJ.pdf,/Volumes/exports/jimmy-ley/OBJ,
75,grinnell_18716_OBJ.pdf,,100,grinnell_18716_OBJ.pdf,/Volumes/exports/jimmy-ley/OBJ,
76,grinnell_18717_OBJ.pdf,,100,grinnell_18717_OBJ.pdf,/Volumes/exports/jimmy-ley/OBJ,
77,grinnell_18718_OBJ.pdf,,100,grinnell_18718_OBJ.pdf,/Volumes/exports/jimmy-ley/OBJ,
78,grinnell_18719_OBJ.pdf,,100,grinnell_18719_OBJ.pdf,/Volumes/exports/jimmy-ley/OBJ,
79,grinnell_18720_OBJ.pdf,,100,grinnell_18720_OBJ.pdf,/Volumes/exports/jimmy-ley/OBJ,
80,grinnell_18721_OBJ.pdf,,100,grinnell_18721_OBJ.pdf,/Volumes/exports/jimmy-ley/OBJ,
81,grinnell_18722_OBJ.pdf,,100,grinnell_18722_OBJ.pdf,/Volumes/exports/jimmy-ley/OBJ,
82,grinnell_18723_OBJ.pdf,,100,grinnell_18723_OBJ.pdf,/Volumes/exports/jimmy-ley/OBJ,
83,grinnell_18724_OBJ.pdf,,100,grinnell_18724_OBJ.pdf,/Volumes/exports/jimmy-ley/OBJ,
84,grinnell_18725_OBJ.pdf,,100,grinnell_18725_OBJ.pdf,/Volumes/exports/jimmy-ley/OBJ,
85,grinnell_18726_OBJ.pdf,,100,grinnell_18726_OBJ.pdf,/Volumes/exports/jimmy-ley/OBJ,
86,grinnell_18727_OBJ.pdf,,100,grinnell_18727_OBJ.pdf,/Volumes/exports/jimmy-ley/OBJ,
87,grinnell_18728_OBJ.pdf,,100,grinnell_18728_OBJ.pdf,/Volumes/exports/jimmy-ley/OBJ,
88,grinnell_18729_OBJ.pdf,,100,grinnell_18729_OBJ.pdf,/Volumes/exports/jimmy-ley/OBJ,
89,grinnell_18730_OBJ.pdf,,100,grinnell_18730_OBJ.pdf,/Volumes/exports/jimmy-ley/OBJ,
90,grinnell_18731_OBJ.pdf,,100,grinnell_18731_OBJ.pdf,/Volumes/exports/jimmy-ley/OBJ,
91,grinnell_18732_OBJ.pdf,,100,grinnell_18732_OBJ.pdf,/Volumes/exports/jimmy-ley/OBJ,
92,grinnell_18733_OBJ.pdf,,100,grinnell_18733_OBJ.pdf,/Volumes/exports/jimmy-ley/OBJ,
93,grinnell_18734_OBJ.pdf,,100,grinnell_18734_OBJ.pdf,/Volumes/exports/jimmy-ley/OBJ,
94,grinnell_18735_OBJ.pdf,,100,grinnell_18735_OBJ.pdf,/Volumes/exports/jimmy-ley/OBJ,
95,grinnell_18736_OBJ.pdf,,100,grinnell_18736_OBJ.pdf,/Volumes/exports/jimmy-ley/OBJ,
96,grinnell_18737_OBJ.pdf,,100,grinnell_18737_OBJ.pdf,/Volumes/exports/jimmy-ley/OBJ,
97,grinnell_18738_OBJ.pdf,,100,grinnell_18738_OBJ.pdf,/Volumes/exports/jimmy-ley/OBJ,
98,grinnell_18739_OBJ.pdf,,100,grinnell_18739_OBJ.pdf,/Volumes/exports/jimmy-ley/OBJ,
99,grinnell_18740_OBJ.pdf,,100,grinnell_18740_OBJ.pdf,/Volumes/exports/jimmy-ley/OBJ,
100,grinnell_18741_OBJ.pdf,,100,grinnell_18741_OBJ.pdf,/Volumes/exports/jimmy-ley/OBJ,
101,grinnell_26501_OBJ.pdf,,100,grinnell_26501_OBJ.pdf,/Volumes/exports/jimmy-ley/OBJ,
102,grinnell_26502_OBJ.pdf,,100,grinnell_26502_OBJ.pdf,/Volumes/exports/jimmy-ley/OBJ,
103,grinnell_26503_OBJ.pdf,,100,grinnell_26503_OBJ.pdf,/Volumes/exports/jimmy-ley/OBJ,
104,grinnell_26504_OBJ.pdf,,100,grinnell_26504_OBJ.pdf,/Volumes/exports/jimmy-ley/OBJ,
105,grinnell_26505_OBJ.pdf,,100,grinnell_26505_OBJ.pdf,/Volumes/exports/jimmy-ley/OBJ,
106,grinnell_26506_OBJ.pdf,,100,grinnell_26506_OBJ.pdf,/Volumes/exports/jimmy-ley/OBJ,
107,grinnell_26507_OBJ.pdf,,100,grinnell_26507_OBJ.pdf,/Volumes/exports/jimmy-ley/OBJ,
108,grinnell_26508_OBJ.pdf,,100,grinnell_26508_OBJ.pdf,/Volumes/exports/jimmy-ley/OBJ,
109,grinnell_26509_OBJ.pdf,,100,grinnell_26509_OBJ.pdf,/Volumes/exports/jimmy-ley/OBJ,
110,grinnell_26510_OBJ.pdf,,100,grinnell_26510_OBJ.pdf,/Volumes/exports/jimmy-ley/OBJ,
111,grinnell_26512_OBJ.pdf,,100,grinnell_26512_OBJ.pdf,/Volumes/exports/jimmy-ley/OBJ,
112,grinnell_26513_OBJ.pdf,,100,grinnell_26513_OBJ.pdf,/Volumes/exports/jimmy-ley/OBJ,
113,grinnell_26514_OBJ.pdf,,100,grinnell_26514_OBJ.pdf,/Volumes/exports/jimmy-ley/OBJ,
114,grinnell_26515_OBJ.pdf,,100,grinnell_26515_OBJ.pdf,/Volumes/exports/jimmy-ley/OBJ,
115,grinnell_26516_OBJ.pdf,,100,grinnell_26516_OBJ.pdf,/Volumes/exports/jimmy-ley/OBJ,
116,grinnell_26517_OBJ.pdf,,100,grinnell_26517_OBJ.pdf,/Volumes/exports/jimmy-ley/OBJ,
117,grinnell_26518_OBJ.pdf,,100,grinnell_26518_OBJ.pdf,/Volumes/exports/jimmy-ley/OBJ,
118,grinnell_26722_OBJ.tiff,,100,grinnell_26722_OBJ.tiff,/Volumes/exports/jimmy-ley/OBJ,
119,grinnell_26723_OBJ.tiff,,100,grinnell_26723_OBJ.tiff,/Volumes/exports/jimmy-ley/OBJ,
120,grinnell_26724_OBJ.tiff,,100,grinnell_26724_OBJ.tiff,/Volumes/exports/jimmy-ley/OBJ,
121,grinnell_26725_OBJ.tiff,,100,grinnell_26725_OBJ.tiff,/Volumes/exports/jimmy-ley/OBJ,
122,grinnell_26726_OBJ.tiff,,100,grinnell_26726_OBJ.tiff,/Volumes/exports/jimmy-ley/OBJ,
123,grinnell_26727_OBJ.tiff,,100,grinnell_26727_OBJ.tiff,/Volumes/exports/jimmy-ley/OBJ,
124,grinnell_26728_OBJ.tiff,,100,grinnell_26728_OBJ.tiff,/Volumes/exports/jimmy-ley/OBJ,
125,grinnell_26729_OBJ.tiff,,100,grinnell_26729_OBJ.tiff,/Volumes/exports/jimmy-ley/OBJ,
126,grinnell_26730_OBJ.tiff,,100,grinnell_26730_OBJ.tiff,/Volumes/exports/jimmy-ley/OBJ,
127,grinnell_26731_OBJ.tiff,,100,grinnell_26731_OBJ.tiff,/Volumes/exports/jimmy-ley/OBJ,
128,grinnell_26732_OBJ.tiff,,100,grinnell_26732_OBJ.tiff,/Volumes/exports/jimmy-ley/OBJ,
129,grinnell_26733_OBJ.tiff,,100,grinnell_26733_OBJ.tiff,/Volumes/exports/jimmy-ley/OBJ,
130,grinnell_26734_OBJ.tiff,,100,grinnell_26734_OBJ.tiff,/Volumes/exports/jimmy-ley/OBJ,
131,grinnell_26735_OBJ.tiff,,100,grinnell_26735_OBJ.tiff,/Volumes/exports/jimmy-ley/OBJ,
132,grinnell_26736_OBJ.tiff,,100,grinnell_26736_OBJ.tiff,/Volumes/exports/jimmy-ley/OBJ,
133,grinnell_26737_OBJ.tiff,,100,grinnell_26737_OBJ.tiff,/Volumes/exports/jimmy-ley/OBJ,
134,grinnell_26738_OBJ.tiff,,100,grinnell_26738_OBJ.tiff,/Volumes/exports/jimmy-ley/OBJ,
135,grinnell_27761_OBJ.tiff,,100,grinnell_27761_OBJ.tiff,/Volumes/exports/jimmy-ley/OBJ,
136,grinnell_27762_OBJ.tiff,,100,grinnell_27762_OBJ.tiff,/Volumes/exports/jimmy-ley/OBJ,
137,grinnell_27763_OBJ.tiff,,100,grinnell_27763_OBJ.tiff,/Volumes/exports/jimmy-ley/OBJ,
138,grinnell_27764_OBJ.tiff,,100,grinnell_27764_OBJ.tiff,/Volumes/exports/jimmy-ley/OBJ,
139,grinnell_27765_OBJ.tiff,,100,grinnell_27765_OBJ.tiff,/Volumes/exports/jimmy-ley/OBJ,
140,grinnell_27766_OBJ.tiff,,100,grinnell_27766_OBJ.tiff,/Volumes/exports/jimmy-ley/OBJ,
141,grinnell_27767_OBJ.tiff,,100,grinnell_27767_OBJ.tiff,/Volumes/exports/jimmy-ley/OBJ,
142,grinnell_27768_OBJ.tiff,,100,grinnell_27768_OBJ.tiff,/Volumes/exports/jimmy-ley/OBJ,
143,grinnell_27769_OBJ.tiff,,100,grinnell_27769_OBJ.tiff,/Volumes/exports/jimmy-ley/OBJ,
144,grinnell_27770_OBJ.tiff,,100,grinnell_27770_OBJ.tiff,/Volumes/exports/jimmy-ley/OBJ,
145,grinnell_27771_OBJ.tiff,,100,grinnell_27771_OBJ.tiff,/Volumes/exports/jimmy-ley/OBJ,
146,grinnell_11423_OBJ.tiff,,100,grinnell_11423_OBJ.tiff,/Volumes/exports/jimmy-ley/OBJ,
147,grinnell_11426_OBJ.tiff,,100,grinnell_11426_OBJ.tiff,/Volumes/exports/jimmy-ley/OBJ,
148,grinnell_11427_OBJ.tiff,,100,grinnell_11427_OBJ.tiff,/Volumes/exports/jimmy-ley/OBJ,
149,grinnell_11428_OBJ.tiff,,100,grinnell_11428_OBJ.tiff,/Volumes/exports/jimmy-ley/OBJ,
150,grinnell_11431_OBJ.tiff,,100,grinnell_11431_OBJ.tiff,/Volumes/exports/jimmy-ley/OBJ,
151,grinnell_11432_OBJ.tiff,,100,grinnell_11432_OBJ.tiff,/Volumes/exports/jimmy-ley/OBJ,
152,grinnell_11437_OBJ.tiff,,100,grinnell_11437_OBJ.tiff,/Volumes/exports/jimmy-ley/OBJ,
153,grinnell_11438_OBJ.tiff,,100,grinnell_11438_OBJ.tiff,/Volumes/exports/jimmy-ley/OBJ,
154,grinnell_11435_OBJ.tiff,,100,grinnell_11435_OBJ.tiff,/Volumes/exports/jimmy-ley/OBJ,
155,grinnell_11436_OBJ.tiff,,100,grinnell_11436_OBJ.tiff,/Volumes/exports/jimmy-ley/OBJ,
156,grinnell_11440_OBJ.tiff,,100,grinnell_11440_OBJ.tiff,/Volumes/exports/jimmy-ley/OBJ,
157,grinnell_11441_OBJ.tiff,,100,grinnell_11441_OBJ.tiff,/Volumes/exports/jimmy-ley/OBJ,
158,grinnell_11443_OBJ.tiff,,100,grinnell_11443_OBJ.tiff,/Volumes/exports/jimmy-ley/OBJ,
159,grinnell_11444_OBJ.tiff,,100,grinnell_11444_OBJ.tiff,/Volumes/exports/jimmy-ley/OBJ,
160,grinnell_11446_OBJ.tiff,,100,grinnell_11446_OBJ.tiff,/Volumes/exports/jimmy-ley/OBJ,
161,grinnell_11447_OBJ.tiff,,100,grinnell_11447_OBJ.tiff,/Volumes/exports/jimmy-ley/OBJ,
162,grinnell_11449_OBJ.tiff,,100,grinnell_11449_OBJ.tiff,/Volumes/exports/jimmy-ley/OBJ,
163,grinnell_11450_OBJ.tiff,,100,grinnell_11450_OBJ.tiff,/Volumes/exports/jimmy-ley/OBJ,
164,grinnell_11452_OBJ.tiff,,100,grinnell_11452_OBJ.tiff,/Volumes/exports/jimmy-ley/OBJ,
165,grinnell_11453_OBJ.tiff,,100,grinnell_11453_OBJ.tiff,/Volumes/exports/jimmy-ley/OBJ,
166,grinnell_11477_OBJ.tiff,,100,grinnell_11477_OBJ.tiff,/Volumes/exports/jimmy-ley/OBJ,
167,grinnell_11455_OBJ.tiff,,100,grinnell_11455_OBJ.tiff,/Volumes/exports/jimmy-ley/OBJ,
168,grinnell_11456_OBJ.tiff,,100,grinnell_11456_OBJ.tiff,/Volumes/exports/jimmy-ley/OBJ,
169,grinnell_11458_OBJ.tiff,,100,grinnell_11458_OBJ.tiff,/Volumes/exports/jimmy-ley/OBJ,
170,grinnell_11459_OBJ.tiff,,100,grinnell_11459_OBJ.tiff,/Volumes/exports/jimmy-ley/OBJ,
171,grinnell_11460_OBJ.tiff,,100,grinnell_11460_OBJ.tiff,/Volumes/exports/jimmy-ley/OBJ,
172,grinnell_11521_OBJ.tiff,,100,grinnell_11521_OBJ.tiff,/Volumes/exports/jimmy-ley/OBJ,
173,grinnell_11464_OBJ.tiff,,100,grinnell_11464_OBJ.tiff,/Volumes/exports/jimmy-ley/OBJ,
174,grinnell_11478_OBJ.tiff,,100,grinnell_11478_OBJ.tiff,/Volumes/exports/jimmy-ley/OBJ,
175,grinnell_11479_OBJ.tiff,,100,grinnell_11479_OBJ.tiff,/Volumes/exports/jimmy-ley/OBJ,
176,grinnell_11481_OBJ.tiff,,100,grinnell_11481_OBJ.tiff,/Volumes/exports/jimmy-ley/OBJ,
177,grinnell_11482_OBJ.tiff,,100,grinnell_11482_OBJ.tiff,/Volumes/exports/jimmy-ley/OBJ,
178,grinnell_11484_OBJ.tiff,,100,grinnell_11484_OBJ.tiff,/Volumes/exports/jimmy-ley/OBJ,
179,grinnell_11485_OBJ.tiff,,100,grinnell_11485_OBJ.tiff,/Volumes/exports/jimmy-ley/OBJ,
180,grinnell_11486_OBJ.tiff,,100,grinnell_11486_OBJ.tiff,/Volumes/exports/jimmy-ley/OBJ,
181,grinnell_11488_OBJ.tiff,,100,grinnell_11488_OBJ.tiff,/Volumes/exports/jimmy-ley/OBJ,
182,grinnell_11489_OBJ.tiff,,100,grinnell_11489_OBJ.tiff,/Volumes/exports/jimmy-ley/OBJ,
183,grinnell_11490_OBJ.tiff,,100,grinnell_11490_OBJ.tiff,/Volumes/exports/jimmy-ley/OBJ,
184,grinnell_11491_OBJ.tiff,,100,grinnell_11491_OBJ.tiff,/Volumes/exports/jimmy-ley/OBJ,
185,grinnell_11493_OBJ.tiff,,100,grinnell_11493_OBJ.tiff,/Volumes/exports/jimmy-ley/OBJ,
186,grinnell_11494_OBJ.tiff,,100,grinnell_11494_OBJ.tiff,/Volumes/exports/jimmy-ley/OBJ,
187,grinnell_11495_OBJ.tiff,,100,grinnell_11495_OBJ.tiff,/Volumes/exports/jimmy-ley/OBJ,
188,grinnell_11497_OBJ.tiff,,100,grinnell_11497_OBJ.tiff,/Volumes/exports/jimmy-ley/OBJ,
189,grinnell_11499_OBJ.tiff,,100,grinnell_11499_OBJ.tiff,/Volumes/exports/jimmy-ley/OBJ,
190,grinnell_12500_OBJ.tiff,,100,grinnell_12500_OBJ.tiff,/Volumes/exports/jimmy-ley/OBJ,
191,grinnell_11501_OBJ.tiff,,100,grinnell_11501_OBJ.tiff,/Volumes/exports/jimmy-ley/OBJ,
192,grinnell_11505_OBJ.tiff,,100,grinnell_11505_OBJ.tiff,/Volumes/exports/jimmy-ley/OBJ,
193,grinnell_11506_OBJ.tiff,,100,grinnell_11506_OBJ.tiff,/Volumes/exports/jimmy-ley/OBJ,
194,grinnell_11507_OBJ.tiff,,100,grinnell_11507_OBJ.tiff,/Volumes/exports/jimmy-ley/OBJ,
195,grinnell_11509_OBJ.tiff,,100,grinnell_11509_OBJ.tiff,/Volumes/exports/jimmy-ley/OBJ,
196,grinnell_11511_OBJ.tiff,,100,grinnell_11511_OBJ.tiff,/Volumes/exports/jimmy-ley/OBJ,
197,grinnell_11513_OBJ.tiff,,100,grinnell_11513_OBJ.tiff,/Volumes/exports/jimmy-ley/OBJ,
198,grinnell_11514_OBJ.tiff,,100,grinnell_11514_OBJ.tiff,/Volumes/exports/jimmy-ley/OBJ,
199,grinnell_11515_OBJ.tiff,,100,grinnell_11515_OBJ.tiff,/Volumes/exports/jimmy-ley/OBJ,
200,grinnell_11516_OBJ.tiff,,100,grinnell_11516_OBJ.tiff,/Volumes/exports/jimmy-ley/OBJ,
201,grinnell_11517_OBJ.tiff,,100,grinnell_11517_OBJ.tiff,/Volumes/exports/jimmy-ley/OBJ,
202,grinnell_11519_OBJ.tiff,,100,grinnell_11519_OBJ.tiff,/Volumes/exports/jimmy-ley/OBJ,
203,grinnell_11520_OBJ.tiff,,100,grinnell_11520_OBJ.tiff,/Volumes/exports/jimmy-ley/OBJ,
204,grinnell_11523_OBJ.tiff,,100,grinnell_11523_OBJ.tiff,/Volumes/exports/jimmy-ley/OBJ,
205,grinnell_11524_OBJ.tiff,,100,grinnell_11524_OBJ.tiff,/Volumes/exports/jimmy-ley/OBJ,
206,grinnell_11526_OBJ.tiff,,100,grinnell_11526_OBJ.tiff,/Volumes/exports/jimmy-ley/OBJ,
207,grinnell_11527_OBJ.tiff,,100,grinnell_11527_OBJ.tiff,/Volumes/exports/jimmy-ley/OBJ,
208,grinnell_11528_OBJ.tiff,,100,grinnell_11528_OBJ.tiff,/Volumes/exports/jimmy-ley/OBJ,
209,grinnell_11529_OBJ.tiff,,100,grinnell_11529_OBJ.tiff,/Volumes/exports/jimmy-ley/OBJ,
210,grinnell_11531_OBJ.tiff,,100,grinnell_11531_OBJ.tiff,/Volumes/exports/jimmy-ley/OBJ,
211,grinnell_11532_OBJ.tiff,,100,grinnell_11532_OBJ.tiff,/Volumes/exports/jimmy-ley/OBJ,
212,grinnell_11533_OBJ.tiff,,100,grinnell_11533_OBJ.tiff,/Volumes/exports/jimmy-ley/OBJ,
213,grinnell_11534_OBJ.tiff,,100,grinnell_11534_OBJ.tiff,/Volumes/exports/jimmy-ley/OBJ,
214,grinnell_11536_OBJ.tiff,,100,grinnell_11536_OBJ.tiff,/Volumes/exports/jimmy-ley/OBJ,
215,grinnell_11537_OBJ.tiff,,100,grinnell_11537_OBJ.tiff,/Volumes/exports/jimmy-ley/OBJ,
216,grinnell_11538_OBJ.tiff,,100,grinnell_11538_OBJ.tiff,/Volumes/exports/jimmy-ley/OBJ,
217,grinnell_11540_OBJ.tiff,,100,grinnell_11540_OBJ.tiff,/Volumes/exports/jimmy-ley/OBJ,
218,grinnell_11541_OBJ.tiff,,100,grinnell_11541_OBJ.tiff,/Volumes/exports/jimmy-ley/OBJ,
219,grinnell_11542_OBJ.tiff,,100,grinnell_11542_OBJ.tiff,/Volumes/exports/jimmy-ley/OBJ,
220,grinnell_11544_OBJ.tiff,,100,grinnell_11544_OBJ.tiff,/Volumes/exports/jimmy-ley/OBJ,
221,grinnell_11545_OBJ.tiff,,100,grinnell_11545_OBJ.tiff,/Volumes/exports/jimmy-ley/OBJ,
222,grinnell_11546_OBJ.tiff,,100,grinnell_11546_OBJ.tiff,/Volumes/exports/jimmy-ley/OBJ,
223,grinnell_11547_OBJ.tiff,,100,grinnell_11547_OBJ.tiff,/Volumes/exports/jimmy-ley/OBJ,
224,grinnell_11548_OBJ.tiff,,100,grinnell_11548_OBJ.tiff,/Volumes/exports/jimmy-ley/OBJ,
225,grinnell_11551_OBJ.tiff,,100,grinnell_11551_OBJ.tiff,/Volumes/exports/jimmy-ley/OBJ,
226,grinnell_11552_OBJ.tiff,,100,grinnell_11552_OBJ.tiff,/Volumes/exports/jimmy-ley/OBJ,
227,grinnell_11553_OBJ.tiff,,100,grinnell_11553_OBJ.tiff,/Volumes/exports/jimmy-ley/OBJ,
228,grinnell_11554_OBJ.tiff,,100,grinnell_11554_OBJ.tiff,/Volumes/exports/jimmy-ley/OBJ,
229,grinnell_11556_OBJ.tiff,,100,grinnell_11556_OBJ.tiff,/Volumes/exports/jimmy-ley/OBJ,
230,grinnell_11557_OBJ.tiff,,100,grinnell_11557_OBJ.tiff,/Volumes/exports/jimmy-ley/OBJ,
231,grinnell_11558_OBJ.tiff,,100,grinnell_11558_OBJ.tiff,/Volumes/exports/jimmy-ley/OBJ,
232,grinnell_11561_OBJ.tiff,,100,grinnell_11561_OBJ.tiff,/Volumes/exports/jimmy-ley/OBJ,
233,grinnell_11562_OBJ.tiff,,100,grinnell_11562_OBJ.tiff,/Volumes/exports/jimmy-ley/OBJ,
234,grinnell_11563_OBJ.tiff,,100,grinnell_11563_OBJ.tiff,/Volumes/exports/jimmy-ley/OBJ,
235,grinnell_11567_OBJ.tiff,,100,grinnell_11567_OBJ.tiff,/Volumes/exports/jimmy-ley/OBJ,
236,grinnell_11569_OBJ.tiff,,100,grinnell_11569_OBJ.tiff,/Volumes/exports/jimmy-ley/OBJ,
237,grinnell_11570_OBJ.tiff,,100,grinnell_11570_OBJ.tiff,/Volumes/exports/jimmy-ley/OBJ,
238,grinnell_11572_OBJ.tiff,,100,grinnell_11572_OBJ.tiff,/Volumes/exports/jimmy-ley/OBJ,
239,grinnell_11573_OBJ.tiff,,100,grinnell_11573_OBJ.tiff,/Volumes/exports/jimmy-ley/OBJ,
240,grinnell_11574_OBJ.tiff,,100,grinnell_11574_OBJ.tiff,/Volumes/exports/jimmy-ley/OBJ,
241,grinnell_11583_OBJ.tiff,,100,grinnell_11583_OBJ.tiff,/Volumes/exports/jimmy-ley/OBJ,
242,grinnell_11585_OBJ.tiff,,100,grinnell_11585_OBJ.tiff,/Volumes/exports/jimmy-ley/OBJ,
243,grinnell_11586_OBJ.tiff,,100,grinnell_11586_OBJ.tiff,/Volumes/exports/jimmy-ley/OBJ,
244,grinnell_11588_OBJ.tiff,,100,grinnell_11588_OBJ.tiff,/Volumes/exports/jimmy-ley/OBJ,
245,grinnell_11589_OBJ.tiff,,100,grinnell_11589_OBJ.tiff,/Volumes/exports/jimmy-ley/OBJ,
246,grinnell_11590_OBJ.tiff,,100,grinnell_11590_OBJ.tiff,/Volumes/exports/jimmy-ley/OBJ,
247,grinnell_11591_OBJ.tiff,,100,grinnell_11591_OBJ.tiff,/Volumes/exports/jimmy-ley/OBJ,
248,grinnell_11593_OBJ.tiff,,100,grinnell_11593_OBJ.tiff,/Volumes/exports/jimmy-ley/OBJ,
249,grinnell_11595_OBJ.tiff,,100,grinnell_11595_OBJ.tiff,/Volumes/exports/jimmy-ley/OBJ,
250,grinnell_11596_OBJ.tiff,,100,grinnell_11596_OBJ.tiff,/Volumes/exports/jimmy-ley/OBJ,
251,grinnell_11598_OBJ.tiff,,100,grinnell_11598_OBJ.tiff,/Volumes/exports/jimmy-ley/OBJ,
252,grinnell_11599_OBJ.tiff,,100,grinnell_11599_OBJ.tiff,/Volumes/exports/jimmy-ley/OBJ,
253,grinnell_11600_OBJ.tiff,,100,grinnell_11600_OBJ.tiff,/Volumes/exports/jimmy-ley/OBJ,
254,grinnell_11602_OBJ.tiff,,100,grinnell_11602_OBJ.tiff,/Volumes/exports/jimmy-ley/OBJ,
255,grinnell_11603_OBJ.tiff,,100,grinnell_11603_OBJ.tiff,/Volumes/exports/jimmy-ley/OBJ,
256,grinnell_11604_OBJ.tiff,,100,grinnell_11604_OBJ.tiff,/Volumes/exports/jimmy-ley/OBJ,
257,grinnell_11606_OBJ.tiff,,100,grinnell_11606_OBJ.tiff,/Volumes/exports/jimmy-ley/OBJ,
258,grinnell_11607_OBJ.tiff,,100,grinnell_11607_OBJ.tiff,/Volumes/exports/jimmy-ley/OBJ,
259,grinnell_11608_OBJ.tiff,,100,grinnell_11608_OBJ.tiff,/Volumes/exports/jimmy-ley/OBJ,
260,grinnell_11610_OBJ.tiff,,100,grinnell_11610_OBJ.tiff,/Volumes/exports/jimmy-ley/OBJ,
261,grinnell_11619_OBJ.tiff,,100,grinnell_11619_OBJ.tiff,/Volumes/exports/jimmy-ley/OBJ,
262,grinnell_11620_OBJ.tiff,,100,grinnell_11620_OBJ.tiff,/Volumes/exports/jimmy-ley/OBJ,
263,grinnell_11621_OBJ.tiff,,100,grinnell_11621_OBJ.tiff,/Volumes/exports/jimmy-ley/OBJ,
264,grinnell_11615_OBJ.tiff,,100,grinnell_11615_OBJ.tiff,/Volumes/exports/jimmy-ley/OBJ,
265,grinnell_11617_OBJ.tiff,,100,grinnell_11617_OBJ.tiff,/Volumes/exports/jimmy-ley/OBJ,
266,grinnell_11618_OBJ.tiff,,100,grinnell_11618_OBJ.tiff,/Volumes/exports/jimmy-ley/OBJ,
267,grinnell_11623_OBJ.tiff,,100,grinnell_11623_OBJ.tiff,/Volumes/exports/jimmy-ley/OBJ,
268,grinnell_11624_OBJ.tiff,,100,grinnell_11624_OBJ.tiff,/Volumes/exports/jimmy-ley/OBJ,
269,grinnell_11625_OBJ.tiff,,100,grinnell_11625_OBJ.tiff,/Volumes/exports/jimmy-ley/OBJ,
270,grinnell_11627_OBJ.tiff,,100,grinnell_11627_OBJ.tiff,/Volumes/exports/jimmy-ley/OBJ,
271,grinnell_11628_OBJ.tiff,,100,grinnell_11628_OBJ.tiff,/Volumes/exports/jimmy-ley/OBJ,
272,grinnell_11629_OBJ.tiff,,100,grinnell_11629_OBJ.tiff,/Volumes/exports/jimmy-ley/OBJ,
273,grinnell_11632_OBJ.tiff,,100,grinnell_11632_OBJ.tiff,/Volumes/exports/jimmy-ley/OBJ,
274,grinnell_11633_OBJ.tiff,,100,grinnell_11633_OBJ.tiff,/Volumes/exports/jimmy-ley/OBJ,
275,grinnell_11634_OBJ.tiff,,100,grinnell_11634_OBJ.tiff,/Volumes/exports/jimmy-ley/OBJ,
276,grinnell_12529_OBJ.tiff,,100,grinnell_12529_OBJ.tiff,/Volumes/exports/jimmy-ley/OBJ,
277,grinnell_12531_OBJ.tiff,,100,grinnell_12531_OBJ.tiff,/Volumes/exports/jimmy-ley/OBJ,
278,grinnell_12532_OBJ.tiff,,100,grinnell_12532_OBJ.tiff,/Volumes/exports/jimmy-ley/OBJ,
279,grinnell_12535_OBJ.tiff,,100,grinnell_12535_OBJ.tiff,/Volumes/exports/jimmy-ley/OBJ,
280,grinnell_12571_OBJ.tiff,,100,grinnell_12571_OBJ.tiff,/Volumes/exports/jimmy-ley/OBJ,
281,grinnell_12573_OBJ.tiff,,100,grinnell_12573_OBJ.tiff,/Volumes/exports/jimmy-ley/OBJ,
282,grinnell_12641_OBJ.tiff,,100,grinnell_12641_OBJ.tiff,/Volumes/exports/jimmy-ley/OBJ,
283,grinnell_12642_OBJ.tiff,,100,grinnell_12642_OBJ.tiff,/Volumes/exports/jimmy-ley/OBJ,
284,grinnell_12643_OBJ.tiff,,100,grinnell_12643_OBJ.tiff,/Volumes/exports/jimmy-ley/OBJ,
285,grinnell_12645_OBJ.tiff,,100,grinnell_12645_OBJ.tiff,/Volumes/exports/jimmy-ley/OBJ,
286,grinnell_12646_OBJ.tiff,,100,grinnell_12646_OBJ.tiff,/Volumes/exports/jimmy-ley/OBJ,
287,grinnell_12647_OBJ.tiff,,100,grinnell_12647_OBJ.tiff,/Volumes/exports/jimmy-ley/OBJ,
288,grinnell_12805_OBJ.tiff,,100,grinnell_12805_OBJ.tiff,/Volumes/exports/jimmy-ley/OBJ,
289,grinnell_12806_OBJ.tiff,,100,grinnell_12806_OBJ.tiff,/Volumes/exports/jimmy-ley/OBJ,
290,grinnell_12807_OBJ.tiff,,100,grinnell_12807_OBJ.tiff,/Volumes/exports/jimmy-ley/OBJ,
291,grinnell_12809_OBJ.tiff,,100,grinnell_12809_OBJ.tiff,/Volumes/exports/jimmy-ley/OBJ,
292,grinnell_12810_OBJ.tiff,,100,grinnell_12810_OBJ.tiff,/Volumes/exports/jimmy-ley/OBJ,
293,grinnell_12811_OBJ.tiff,,100,grinnell_12811_OBJ.tiff,/Volumes/exports/jimmy-ley/OBJ,
294,grinnell_12813_OBJ.tiff,,100,grinnell_12813_OBJ.tiff,/Volumes/exports/jimmy-ley/OBJ,
295,grinnell_12814_OBJ.tiff,,100,grinnell_12814_OBJ.tiff,/Volumes/exports/jimmy-ley/OBJ,
296,grinnell_12815_OBJ.tiff,,100,grinnell_12815_OBJ.tiff,/Volumes/exports/jimmy-ley/OBJ,
297,grinnell_12983_OBJ.tiff,,100,grinnell_12983_OBJ.tiff,/Volumes/exports/jimmy-ley/OBJ,
298,grinnell_12984_OBJ.tiff,,100,grinnell_12984_OBJ.tiff,/Volumes/exports/jimmy-ley/OBJ,
299,grinnell_12985_OBJ.tiff,,100,grinnell_12985_OBJ.tiff,/Volumes/exports/jimmy-ley/OBJ,
300,grinnell_12992_OBJ.tiff,,100,grinnell_12992_OBJ.tiff,/Volumes/exports/jimmy-ley/OBJ,
301,grinnell_12993_OBJ.tiff,,100,grinnell_12993_OBJ.tiff,/Volumes/exports/jimmy-ley/OBJ,
302,grinnell_12994_OBJ.tiff,,100,grinnell_12994_OBJ.tiff,/Volumes/exports/jimmy-ley/OBJ,
303,grinnell_12996_OBJ.tiff,,100,grinnell_12996_OBJ.tiff,/Volumes/exports/jimmy-ley/OBJ,
304,grinnell_12997_OBJ.tiff,,100,grinnell_12997_OBJ.tiff,/Volumes/exports/jimmy-ley/OBJ,
305,grinnell_12998_OBJ.tiff,,100,grinnell_12998_OBJ.tiff,/Volumes/exports/jimmy-ley/OBJ,
306,grinnell_13000_OBJ.tiff,,100,grinnell_13000_OBJ.tiff,/Volumes/exports/jimmy-ley/OBJ,
307,grinnell_13001_OBJ.tiff,,100,grinnell_13001_OBJ.tiff,/Volumes/exports/jimmy-ley/OBJ,
308,grinnell_13002_OBJ.tiff,,100,grinnell_13002_OBJ.tiff,/Volumes/exports/jimmy-ley/OBJ,
309,grinnell_13064_OBJ.tiff,,100,grinnell_13064_OBJ.tiff,/Volumes/exports/jimmy-ley/OBJ,
310,grinnell_13065_OBJ.tiff,,100,grinnell_13065_OBJ.tiff,/Volumes/exports/jimmy-ley/OBJ,
311,grinnell_13066_OBJ.tiff,,100,grinnell_13066_OBJ.tiff,/Volumes/exports/jimmy-ley/OBJ,
312,grinnell_13073_OBJ.tiff,,100,grinnell_13073_OBJ.tiff,/Volumes/exports/jimmy-ley/OBJ,
313,grinnell_13074_OBJ.tiff,,100,grinnell_13074_OBJ.tiff,/Volumes/exports/jimmy-ley/OBJ,
314,grinnell_13076_OBJ.tiff,,100,grinnell_13076_OBJ.tiff,/Volumes/exports/jimmy-ley/OBJ,
315,grinnell_13077_OBJ.tiff,,100,grinnell_13077_OBJ.tiff,/Volumes/exports/jimmy-ley/OBJ,
316,grinnell_13078_OBJ.tiff,,100,grinnell_13078_OBJ.tiff,/Volumes/exports/jimmy-ley/OBJ,
317,grinnell_13085_OBJ.tiff,,100,grinnell_13085_OBJ.tiff,/Volumes/exports/jimmy-ley/OBJ,
318,grinnell_13086_OBJ.tiff,,100,grinnell_13086_OBJ.tiff,/Volumes/exports/jimmy-ley/OBJ,
319,grinnell_13087_OBJ.tiff,,100,grinnell_13087_OBJ.tiff,/Volumes/exports/jimmy-ley/OBJ,
320,grinnell_13088_OBJ.tiff,,100,grinnell_13088_OBJ.tiff,/Volumes/exports/jimmy-ley/OBJ,
321,grinnell_13104_OBJ.tiff,,100,grinnell_13104_OBJ.tiff,/Volumes/exports/jimmy-ley/OBJ,
322,grinnell_13105_OBJ.tiff,,100,grinnell_13105_OBJ.tiff,/Volumes/exports/jimmy-ley/OBJ,
323,grinnell_13106_OBJ.tiff,,100,grinnell_13106_OBJ.tiff,/Volumes/exports/jimmy-ley/OBJ,
324,grinnell_13108_OBJ.tiff,,100,grinnell_13108_OBJ.tiff,/Volumes/exports/jimmy-ley/OBJ,
325,grinnell_13109_OBJ.tiff,,100,grinnell_13109_OBJ.tiff,/Volumes/exports/jimmy-ley/OBJ,
326,grinnell_13110_OBJ.tiff,,100,grinnell_13110_OBJ.tiff,/Volumes/exports/jimmy-ley/OBJ,
327,grinnell_13231_OBJ.tiff,,100,grinnell_13231_OBJ.tiff,/Volumes/exports/jimmy-ley/OBJ,
328,grinnell_13232_OBJ.tiff,,100,grinnell_13232_OBJ.tiff,/Volumes/exports/jimmy-ley/OBJ,
329,grinnell_13233_OBJ.tiff,,100,grinnell_13233_OBJ.tiff,/Volumes/exports/jimmy-ley/OBJ,
330,grinnell_13235_OBJ.tiff,,100,grinnell_13235_OBJ.tiff,/Volumes/exports/jimmy-ley/OBJ,
331,grinnell_13236_OBJ.tiff,,100,grinnell_13236_OBJ.tiff,/Volumes/exports/jimmy-ley/OBJ,
332,grinnell_13237_OBJ.tiff,,100,grinnell_13237_OBJ.tiff,/Volumes/exports/jimmy-ley/OBJ,
333,grinnell_13239_OBJ.tiff,,100,grinnell_13239_OBJ.tiff,/Volumes/exports/jimmy-ley/OBJ,
334,grinnell_13240_OBJ.tiff,,100,grinnell_13240_OBJ.tiff,/Volumes/exports/jimmy-ley/OBJ,
335,grinnell_13241_OBJ.tiff,,100,grinnell_13241_OBJ.tiff,/Volumes/exports/jimmy-ley/OBJ,
336,grinnell_13243_OBJ.tiff,,100,grinnell_13243_OBJ.tiff,/Volumes/exports/jimmy-ley/OBJ,
337,grinnell_13244_OBJ.tiff,,100,grinnell_13244_OBJ.tiff,/Volumes/exports/jimmy-ley/OBJ,
338,grinnell_13245_OBJ.tiff,,100,grinnell_13245_OBJ.tiff,/Volumes/exports/jimmy-ley/OBJ,
